nome;genero
abel;m
abelardo;m
adrian;m
adriana;f
adriano;m
aecio;m
alberto;m
alecio;m
alexandre;m
alice;f
ana;f
ana clara;f
ana cristina;f
ana flávia;f
ana júlia;f
ana luiza;f
ana luísa;f
andre;m
angela;f
antônio;m
apolo;m
arcadio;m
arthur;m
artur;m
bejamin;m
benedito;m
bento;m
breno;m
bruno;m
caio;m
camila;f
carla;f
carlos;m
carolina;f
caroline;f
cassandra;f
cassia;f
celia;f
celina;f
luis;m
celso;m
charles;m
cibele;m
cibely;f
crislene;f
cristiana;f
cristiane;f
cristiano;m
cristina;f
cícero;m
daiana;f
daiane;f
daniel;m
danilo;m
davi;m
david;m
diego;m
diogo;m
douglas;m
edigar;m
edilson;m
edimar;m
eduardo;m
emanuel;m
everton;m
fabia;f
fabiano;m
fabio;m
fabricio;m
felipe;m
fernanda;f
fernando;m
filipe;m
flavia;f
flaviane;f
flavio;m
fábio;m
gabriel;m
geraldo;m
gilberto;m
guilherme;m
gustavo;m
jesus;m
josé roberto;m
karla;f
korahi;m
leandro;m
leonardo;m
licia;f
lislaine;f
luan;m
luana;f
lucas;m
lucia;f
luis;m
luis fernando;m
luisa;f
luiz;m
luiza;f
luma;f
magna;f
marcela;f
marcelo;m
marcio;m
marco;m
maria;f
maria alice;f
maria cecília;f
maria clara;f
maria eduarda;f
maria helena;f
maria júlia;f
maria luísa;f
mariana;f
marina;f
marlon;m
marlone;m
marlucia;f
monique;f
paulo;m
pedro;m
pedro henrique;m
renato;m
rian;m
ricardo;m
richard;m
rildo;m
roberta;f
roberto;m
rodrigo;m
rosemberg;m
ruan;m
tauan;m
vanessa;f
wanessa;f